25913,trending,viral,"Mar 19, 2024, 8:45:21 AM PST",Shorts
25913,trending,shorts,"Mar 19, 2024, 8:45:21 AM PST",Shorts
25914,trending,tiktok,"Mar 19, 2024, 8:44:54 AM PST",Technology
26332,monetization,ad\b,"Mar 14, 2024, 12:58:05 PM PST",Entertainment
26335,series,season,"Mar 14, 2024, 12:53:27 PM PST",Podcast
26336,monetization,ad\b,"Mar 14, 2024, 12:50:16 PM PST",Comedy
25924,trending,shorts,"Mar 18, 2024, 4:31:06 PM PST",Gaming
25927,monetization,ad\b,"Mar 18, 2024, 4:30:20 PM PST",Comedy
26340,trending,shorts,"Mar 14, 2024, 12:41:35 PM PST",Shorts
26342,series,#\d+,"Mar 14, 2024, 12:32:12 PM PST",Tutorial
25937,community,ft\.,"Mar 18, 2024, 1:59:00 PM PST",Music
25938,community,feat,"Mar 18, 2024, 1:54:54 PM PST",Music
25946,monetization,ad\b,"Mar 18, 2024, 1:18:54 PM PST",Music
25949,community,ft\.,"Mar 18, 2024, 1:12:46 PM PST",Music
25952,trending,shorts,"Mar 18, 2024, 1:08:49 PM PST",Shorts
25954,trending,shorts,"Mar 18, 2024, 1:07:16 PM PST",Shorts
25956,trending,shorts,"Mar 18, 2024, 1:05:23 PM PST",Shorts
25958,trending,shorts,"Mar 18, 2024, 1:04:51 PM PST",Technology
25962,community,ft\.,"Mar 18, 2024, 1:02:00 PM PST",Entertainment
25966,trending,shorts,"Mar 18, 2024, 12:59:53 PM PST",Shorts
25969,trending,trend(?:ing)?,"Mar 18, 2024, 12:59:21 PM PST",Entertainment
25969,trending,viral,"Mar 18, 2024, 12:59:21 PM PST",Entertainment
25969,clickbait,amazing,"Mar 18, 2024, 12:59:21 PM PST",Entertainment
26392,monetization,ad\b,"Mar 13, 2024, 9:42:40 AM PST",Music
25971,trending,trend(?:ing)?,"Mar 18, 2024, 12:58:10 PM PST",Shorts
25971,trending,shorts,"Mar 18, 2024, 12:58:10 PM PST",Shorts
26399,trending,challenge,"Mar 13, 2024, 2:28:15 AM PST",Sports
26401,trending,latest,"Mar 13, 2024, 2:23:09 AM PST",Music
25982,trending,viral,"Mar 18, 2024, 12:44:17 PM PST",Shorts
25982,trending,shorts,"Mar 18, 2024, 12:44:17 PM PST",Shorts
25983,trending,new,"Mar 18, 2024, 12:44:15 PM PST",Music
25986,trending,shorts,"Mar 18, 2024, 12:42:24 PM PST",Shorts
25988,trending,shorts,"Mar 18, 2024, 12:42:00 PM PST",Shorts
26407,trending,latest,"Mar 13, 2024, 1:56:47 AM PST",Music
25989,trending,new,"Mar 18, 2024, 12:41:20 PM PST",Comedy
25992,trending,shorts,"Mar 18, 2024, 12:38:10 PM PST",Gaming
25993,trending,shorts,"Mar 18, 2024, 12:37:51 PM PST",Shorts
25995,community,ft\.,"Mar 18, 2024, 12:36:22 PM PST",Music
26416,community,with,"Mar 13, 2024, 1:29:13 AM PST",Music
25999,trending,tiktok,"Mar 18, 2024, 11:34:27 AM PST",Music
26005,trending,viral,"Mar 18, 2024, 11:30:48 AM PST",Shorts
26005,trending,shorts,"Mar 18, 2024, 11:30:48 AM PST",Shorts
26430,community,feat,"Mar 12, 2024, 9:23:50 PM PST",Music
26435,trending,latest,"Mar 12, 2024, 7:31:48 PM PST",Music
26019,community,feat,"Mar 17, 2024, 10:12:07 AM PST",Music
26437,community,with,"Mar 12, 2024, 7:26:01 PM PST",Music
26027,series,#\d+,"Mar 17, 2024, 5:47:30 AM PST",Podcast
26029,community,ft\.,"Mar 16, 2024, 9:30:37 PM PST",Music
26031,community,vs,"Mar 16, 2024, 9:24:21 PM PST",Entertainment
26032,trending,shorts,"Mar 16, 2024, 9:23:14 PM PST",Shorts
26451,community,feat,"Mar 12, 2024, 4:21:28 PM PST",Music
26038,trending,viral,"Mar 16, 2024, 9:19:02 PM PST",Sports
26038,trending,shorts,"Mar 16, 2024, 9:19:02 PM PST",Sports
26039,trending,shorts,"Mar 16, 2024, 9:18:20 PM PST",Shorts
26039,community,with,"Mar 16, 2024, 9:18:20 PM PST",Shorts
26455,community,ft\.,"Mar 12, 2024, 3:31:41 PM PST",Music
26457,trending,new,"Mar 12, 2024, 3:20:54 PM PST",Music
26043,trending,shorts,"Mar 16, 2024, 9:16:22 PM PST",Gaming
26043,community,vs,"Mar 16, 2024, 9:16:22 PM PST",Gaming
26045,trending,shorts,"Mar 16, 2024, 9:15:00 PM PST",Shorts
26045,community,with,"Mar 16, 2024, 9:15:00 PM PST",Shorts
26461,trending,latest,"Mar 12, 2024, 3:09:41 PM PST",Tutorial
26046,trending,viral,"Mar 16, 2024, 9:14:50 PM PST",Entertainment
26048,series,part\s*\d+,"Mar 16, 2024, 9:14:30 PM PST",Comedy
26048,community,with,"Mar 16, 2024, 9:14:30 PM PST",Comedy
26049,trending,shorts,"Mar 16, 2024, 9:14:28 PM PST",Comedy
26474,trending,shorts,"Mar 12, 2024, 1:31:44 PM PST",Shorts
26059,series,series,"Mar 16, 2024, 2:50:32 PM PST",Entertainment
26062,trending,shorts,"Mar 16, 2024, 2:49:08 PM PST",Gaming
26063,trending,shorts,"Mar 16, 2024, 2:48:38 PM PST",Shorts
26481,community,feat,"Mar 12, 2024, 1:14:25 PM PST",Music
26068,series,part\s*\d+,"Mar 16, 2024, 2:46:24 PM PST",Shorts
26068,trending,viral,"Mar 16, 2024, 2:46:24 PM PST",Shorts
26068,trending,shorts,"Mar 16, 2024, 2:46:24 PM PST",Shorts
26071,monetization,ad\b,"Mar 16, 2024, 2:45:27 PM PST",Music
26073,series,series,"Mar 16, 2024, 2:43:30 PM PST",Entertainment
26074,trending,shorts,"Mar 16, 2024, 2:42:32 PM PST",Gaming
26074,community,with,"Mar 16, 2024, 2:42:32 PM PST",Gaming
26491,series,series,"Mar 12, 2024, 11:32:45 AM PST",Entertainment
26075,trending,shorts,"Mar 16, 2024, 2:41:14 PM PST",Shorts
26493,trending,shorts,"Mar 12, 2024, 11:31:25 AM PST",Comedy
26495,trending,new,"Mar 12, 2024, 11:30:15 AM PST",Music
26496,series,series,"Mar 12, 2024, 11:28:35 AM PST",Entertainment
26497,trending,shorts,"Mar 12, 2024, 11:28:31 AM PST",Shorts
26498,trending,shorts,"Mar 12, 2024, 11:28:19 AM PST",Shorts
26505,community,vs,"Mar 12, 2024, 11:24:09 AM PST",Entertainment
26506,monetization,ad\b,Deciphering Lost Fragments of the Dead Sea Scrolls | Unearthed | Science Channel,News
26094,community,with,"Mar 16, 2024, 2:38:10 PM PST",Entertainment
26508,clickbait,shocking,"Mar 12, 2024, 11:22:36 AM PST",News
26098,community,with,"Mar 16, 2024, 2:36:39 PM PST",News
26102,trending,shorts,"Mar 16, 2024, 2:35:07 PM PST",Gaming
26104,trending,new,"Mar 16, 2024, 2:34:47 PM PST",Technology
26105,series,series,"Mar 16, 2024, 2:33:47 PM PST",Entertainment
26106,monetization,ad\b,"Mar 16, 2024, 2:33:22 PM PST",Podcast
26112,community,with,"Mar 16, 2024, 2:11:35 PM PST",Music
26113,trending,latest,"Mar 16, 2024, 2:06:10 PM PST",Music
26534,community,feat,"Mar 12, 2024, 7:39:08 AM PST",Music
26117,trending,shorts,"Mar 16, 2024, 1:57:18 PM PST",Shorts
26118,trending,shorts,"Mar 16, 2024, 1:56:12 PM PST",Shorts
26131,trending,trend(?:ing)?,"Mar 16, 2024, 11:33:48 AM PST",Entertainment
26580,community,feat,"Mar 11, 2024, 12:38:32 PM PST",Music
26164,community,feat,"Mar 15, 2024, 2:23:00 PM PST",Music
26167,monetization,ad\b,"Mar 15, 2024, 2:22:55 PM PST",Gaming
26172,monetization,ad\b,"Mar 15, 2024, 11:51:11 AM PST",Comedy
26599,trending,shorts,"Mar 11, 2024, 9:40:28 AM PST",Shorts
26601,trending,trend(?:ing)?,"Mar 11, 2024, 9:40:26 AM PST",Gaming
26601,trending,shorts,"Mar 11, 2024, 9:40:26 AM PST",Gaming
26603,trending,shorts,"Mar 11, 2024, 9:38:41 AM PST",Shorts
26181,trending,latest,"Mar 15, 2024, 11:18:04 AM PST",Music
26607,trending,shorts,"Mar 11, 2024, 9:37:33 AM PST",Gaming
26187,community,with,"Mar 15, 2024, 10:58:57 AM PST",Music
26613,trending,viral,"Mar 11, 2024, 9:33:29 AM PST",Sports
26613,trending,shorts,"Mar 11, 2024, 9:33:29 AM PST",Sports
26615,trending,shorts,"Mar 11, 2024, 9:33:02 AM PST",Shorts
26617,trending,shorts,"Mar 11, 2024, 9:31:48 AM PST",Shorts
26618,trending,shorts,"Mar 11, 2024, 9:30:38 AM PST",Gaming
26619,trending,shorts,"Mar 11, 2024, 9:30:35 AM PST",Shorts
26620,series,part\s*\d+,"Mar 11, 2024, 9:30:08 AM PST",Shorts
26620,trending,viral,"Mar 11, 2024, 9:30:08 AM PST",Shorts
26620,trending,shorts,"Mar 11, 2024, 9:30:08 AM PST",Shorts
26198,community,vs,"Mar 15, 2024, 10:33:04 AM PST",Sports
26624,trending,shorts,"Mar 10, 2024, 11:23:49 PM PST",Shorts
26625,community,with,Let‘s Dance with Sepp Maier! 😅🕺🏻,Entertainment
26626,trending,viral,"Mar 10, 2024, 11:23:02 PM PST",Shorts
26626,trending,tiktok,"Mar 10, 2024, 11:23:02 PM PST",Shorts
26626,trending,shorts,"Mar 10, 2024, 11:23:02 PM PST",Shorts
26636,community,feat,"Mar 10, 2024, 3:47:14 PM PST",Music
26219,community,feat,Clean Bandit - Rockabye (feat. Sean Paul & Anne-Marie) [Official Video],Music
26220,community,ft\.,"Mar 15, 2024, 7:32:35 AM PST",Music
26652,community,feat,"Mar 10, 2024, 3:32:31 PM PST",Music
26653,community,feat,"Mar 10, 2024, 3:32:10 PM PST",Music
26224,community,ft\.,"Mar 15, 2024, 7:27:12 AM PST",Music
26658,community,feat,"Dudhe Te Bhari Talavadi (feat. Raghvi Pathak, Margi Shukla & Janam Saraiya)",Music
26230,community,feat,"Mar 15, 2024, 7:27:00 AM PST",Music
26231,trending,latest,"Mar 15, 2024, 7:26:14 AM PST",Music
26664,community,feat,"Mar 10, 2024, 3:23:31 PM PST",Music
26235,monetization,ad\b,정국 Jung Kook (of BTS) featuring Fahad Al Kubaisi - Dreamers | FIFA World Cup 2022 Soundtrack,Music
26235,community,feat,정국 Jung Kook (of BTS) featuring Fahad Al Kubaisi - Dreamers | FIFA World Cup 2022 Soundtrack,Music
26235,community,featuring,정국 Jung Kook (of BTS) featuring Fahad Al Kubaisi - Dreamers | FIFA World Cup 2022 Soundtrack,Music
26672,community,feat,"Mar 10, 2024, 3:00:07 PM PST",Music
26238,trending,trend(?:ing)?,"Mar 15, 2024, 7:08:21 AM PST",Entertainment
26680,trending,shorts,"Mar 10, 2024, 2:39:01 PM PST",Shorts
26241,trending,latest,"Mar 15, 2024, 7:03:55 AM PST",Music
26689,trending,shorts,"Mar 10, 2024, 11:46:05 AM PST",Entertainment
26693,series,series,"Mar 10, 2024, 11:42:26 AM PST",Entertainment
26696,community,with,"Mar 10, 2024, 11:41:44 AM PST",Gaming
26253,community,feat,"Mar 14, 2024, 9:26:09 PM PST",Music
26700,series,series,"Mar 10, 2024, 11:39:12 AM PST",Entertainment
26701,trending,shorts,"Mar 10, 2024, 11:38:11 AM PST",Shorts
26702,community,vs,"Mar 10, 2024, 11:37:34 AM PST",Reviews
26703,trending,shorts,"Mar 10, 2024, 11:37:30 AM PST",Shorts
26258,trending,new,"Mar 14, 2024, 9:07:12 PM PST",Music
26705,trending,viral,"Mar 10, 2024, 11:36:42 AM PST",Shorts
26705,trending,shorts,"Mar 10, 2024, 11:36:42 AM PST",Shorts
26707,community,with,"Mar 10, 2024, 11:32:08 AM PST",Podcast
26708,community,with,"Mar 10, 2024, 11:31:30 AM PST",Entertainment
26265,trending,latest,"Mar 14, 2024, 8:23:48 PM PST",Music
26266,community,with,"Mar 14, 2024, 8:21:13 PM PST",Music
26270,trending,shorts,"Mar 14, 2024, 8:07:06 PM PST",Gaming
26275,trending,trend(?:ing)?,"Mar 14, 2024, 6:57:07 PM PST",Entertainment
26278,trending,shorts,"Mar 14, 2024, 6:54:59 PM PST",Gaming
26279,trending,shorts,"Mar 14, 2024, 6:54:31 PM PST",Comedy
26281,community,ft\.,"Mar 14, 2024, 6:46:04 PM PST",Music
26284,trending,tiktok,"Mar 14, 2024, 6:40:49 PM PST",Tutorial
26735,community,with,"Mar 10, 2024, 3:46:58 AM PST",Music
26287,trending,shorts,"Mar 14, 2024, 6:38:11 PM PST",Gaming
26290,trending,shorts,"Mar 14, 2024, 6:36:40 PM PST",Shorts
26292,trending,shorts,"Mar 14, 2024, 6:35:34 PM PST",Shorts
26742,trending,new,"Mar 10, 2024, 3:15:04 AM PST",Music
26293,trending,tiktok,"Mar 14, 2024, 6:34:12 PM PST",Tutorial
26295,trending,shorts,"Mar 14, 2024, 6:33:46 PM PST",Shorts
26300,community,feat,"Mar 14, 2024, 5:15:10 PM PST",Music
26301,community,ft\.,"Mar 14, 2024, 5:09:03 PM PST",Music
26308,monetization,ad\b,정국 Jung Kook (of BTS) featuring Fahad Al Kubaisi - Dreamers | FIFA World Cup 2022 Soundtrack,Music
26308,community,feat,정국 Jung Kook (of BTS) featuring Fahad Al Kubaisi - Dreamers | FIFA World Cup 2022 Soundtrack,Music
26308,community,featuring,정국 Jung Kook (of BTS) featuring Fahad Al Kubaisi - Dreamers | FIFA World Cup 2022 Soundtrack,Music
26312,trending,latest,"Mar 14, 2024, 3:09:46 PM PST",Music
26319,series,series,"Mar 14, 2024, 2:54:14 PM PST",Entertainment
26325,monetization,ad\b,"Mar 14, 2024, 1:14:38 PM PST",Music
