23000,"Apr 25, 2024, 3:36:40 PM PST",Entertainment,"entertaining,trending,viral,informative","high_production,raw_footage,edited,studio_quality","compilation,showcase,stream_highlights,reaction,highlights,commentary,guide","entertainment,storytelling,social_commentary,news"
23001,"Apr 25, 2024, 1:45:26 PM PST",Entertainment,"trending,entertaining,mature,viral,informative,controversial,educational,family_friendly","professional,edited,high_production,animated","reaction,guide,highlights,commentary,showcase,compilation,analysis,review,interview,stream_highlights,tutorial,walkthrough","storytelling,skill_development,news,entertainment,educational,analysis,promotional"
23002,"Apr 25, 2024, 11:19:31 AM PST",Comedy,"trending,viral,entertaining,informative,controversial,mature,educational,family_friendly","professional,animated,edited","reaction,guide,commentary,compilation,highlights,showcase,analysis,tutorial,review","promotional,storytelling,educational,analysis,entertainment,news,skill_development,social_commentary"
23003,"Apr 25, 2024, 11:15:58 AM PST",Comedy,"trending,entertaining,informative,viral,family_friendly,mature,educational,controversial","animated,professional","compilation,reaction,commentary,guide,showcase,highlights,analysis,documentary,review,tutorial,podcast","storytelling,entertainment,promotional,educational,analysis"
23004,"Apr 25, 2024, 9:18:04 AM PST",Music,"trending,entertaining,informative,viral,educational,mature,family_friendly,controversial","animated,high_production,professional","showcase,guide,tutorial,reaction,highlights,compilation,documentary","promotional,storytelling,entertainment,educational,skill_development"
23005,"Apr 25, 2024, 9:13:55 AM PST",Music,"viral,entertaining,controversial,informative,trending,educational","animated,edited,amateur","podcast,reaction,showcase,interview,guide,review","entertainment,promotional,storytelling,educational"
23006,"Apr 25, 2024, 9:09:58 AM PST",Music,"entertaining,trending,viral,informative,mature,controversial,educational","professional,high_production,animated","showcase,compilation,highlights","entertainment,promotional,educational,storytelling"
23007,"Apr 25, 2024, 9:07:18 AM PST",Music,"trending,viral,entertaining,informative,controversial,family_friendly","professional,high_production,animated","reaction,showcase,compilation,highlights,guide,commentary","storytelling,entertainment,news,promotional"
23008,"Apr 25, 2024, 9:03:04 AM PST",Entertainment,"entertaining,trending,viral,informative,family_friendly","professional,high_production,animated,studio_quality","showcase,highlights,reaction","entertainment,promotional"
23009,"Apr 25, 2024, 6:52:51 AM PST",Comedy,"viral,trending,entertaining,informative,mature,family_friendly,controversial,educational","animated,edited,professional","reaction,commentary,compilation,guide,showcase,highlights,review,analysis,tutorial","storytelling,promotional,entertainment,educational,analysis"
23010,"Apr 25, 2024, 6:48:36 AM PST",Entertainment,"trending,viral,entertaining,informative,family_friendly,educational","animated,studio_quality,high_production,edited,live_recording","reaction,commentary,podcast,compilation,stream_highlights,interview,guide,showcase,highlights,review","promotional,social_commentary,news,entertainment,storytelling,personal_vlog,skill_development,product_review,educational"
23011,"Apr 25, 2024, 6:44:53 AM PST",Music,"trending,entertaining,viral,informative,educational,controversial",animated,"compilation,reaction,highlights,showcase,guide,podcast,commentary","entertainment,promotional,educational"
23012,"Apr 25, 2024, 6:40:26 AM PST",Comedy,"entertaining,trending,viral,informative,family_friendly,mature,controversial,educational","animated,professional","reaction,compilation,showcase,guide,commentary,highlights,documentary,review,tutorial,analysis","storytelling,entertainment,promotional,educational,analysis"
23013,"Apr 25, 2024, 6:32:09 AM PST",Entertainment,"trending,entertaining,viral,informative,controversial,mature,clickbait","professional,edited,high_production","reaction,guide,showcase,highlights,compilation,commentary","entertainment,news"
23014,"Apr 25, 2024, 6:27:11 AM PST",Entertainment,"trending,mature,entertaining,informative,viral,controversial,family_friendly,educational","professional,edited,high_production,animated","reaction,guide,highlights,showcase,commentary,compilation,tutorial,analysis,review","storytelling,skill_development,educational,news,entertainment,promotional,analysis"
23015,"Apr 25, 2024, 6:22:52 AM PST",Comedy,"trending,entertaining,viral,informative,family_friendly,mature,controversial,educational","animated,professional","reaction,compilation,showcase,commentary,guide,highlights,analysis,documentary,review","storytelling,entertainment,promotional,educational,analysis"
23016,"Apr 25, 2024, 6:18:09 AM PST",Entertainment,"trending,entertaining,viral,informative,controversial,family_friendly,educational","animated,edited,high_production","reaction,commentary,highlights,guide,showcase,compilation","entertainment,storytelling,promotional,educational"
23017,"Apr 25, 2024, 6:13:38 AM PST",Entertainment,"trending,informative,entertaining,mature,educational,viral,controversial","professional,animated","reaction,compilation,analysis,guide,review,commentary,showcase,highlights","analysis,entertainment,educational,storytelling,promotional"
23018,"Apr 25, 2024, 6:07:11 AM PST",Sports,"controversial,trending,viral,informative","amateur,animated,edited","commentary,reaction,compilation,guide,documentary","storytelling,entertainment"
23019,"Apr 25, 2024, 6:02:57 AM PST",Comedy,"trending,entertaining,viral,informative,mature,controversial,family_friendly,educational",animated,"reaction,compilation,guide,commentary,showcase,highlights,documentary","storytelling,entertainment,promotional,educational"
23020,"Apr 24, 2024, 8:22:32 PM PST",Entertainment,"entertaining,trending,viral,informative,family_friendly","professional,high_production,animated,studio_quality","showcase,highlights,reaction","entertainment,promotional"
23021,"Apr 24, 2024, 8:18:34 PM PST",Music,"entertaining,trending,viral,informative,mature,controversial,educational","professional,high_production,animated","showcase,compilation,highlights","entertainment,promotional,educational,storytelling"
23022,"Apr 24, 2024, 8:15:02 PM PST",Music,"entertaining,trending,viral,informative,controversial,family_friendly","amateur,high_production","showcase,reaction,highlights,compilation,guide","entertainment,promotional"
23023,"Apr 24, 2024, 2:12:03 PM PST",Tutorial,"trending,mature,informative,viral,controversial,entertaining","edited,professional,high_production","reaction,guide,highlights,compilation,commentary,showcase,review",skill_development
23024,"Apr 24, 2024, 2:08:14 PM PST",Music,"trending,entertaining,informative,mature,viral,educational,controversial","professional,edited,animated","reaction,guide,showcase,highlights,compilation,commentary,analysis,review","storytelling,educational,entertainment,analysis,skill_development"
23025,"Apr 24, 2024, 2:05:51 PM PST",Comedy,"trending,entertaining,viral,informative,controversial,mature,educational,family_friendly","professional,animated,edited,high_production","reaction,guide,highlights,compilation,commentary,showcase,analysis,review,documentary,tutorial","storytelling,educational,skill_development,entertainment,promotional,analysis,news"
23026,"Apr 24, 2024, 2:05:50 PM PST",Music,"trending,informative,mature,entertaining,viral,educational,controversial,family_friendly","professional,high_production,animated,edited","reaction,guide,showcase,commentary,compilation,highlights,analysis,documentary,review","storytelling,educational,entertainment,skill_development,analysis,promotional,social_commentary,news"
23027,"Apr 24, 2024, 2:05:49 PM PST",Entertainment,"trending,entertaining,informative,viral,mature,controversial,educational,family_friendly","edited,professional,animated","reaction,guide,compilation,showcase,highlights,commentary,analysis","storytelling,entertainment,educational,analysis,promotional"
23028,"Apr 24, 2024, 2:05:48 PM PST",Comedy,"entertaining,trending,viral,informative,family_friendly,mature,educational,controversial","professional,animated","showcase,reaction,compilation,highlights,guide,commentary,documentary,review,analysis","storytelling,entertainment,educational,promotional,analysis"
23029,"Apr 24, 2024, 2:05:46 PM PST",Comedy,"trending,entertaining,family_friendly,informative,viral,mature,controversial,educational","professional,animated","compilation,reaction,showcase,commentary,guide,highlights,documentary,analysis,review,tutorial","storytelling,promotional,entertainment,educational,analysis"
23030,"Apr 24, 2024, 2:05:45 PM PST",Entertainment,"trending,mature,entertaining,informative,viral,controversial,family_friendly,educational","professional,high_production,edited","guide,reaction,showcase,highlights,commentary,compilation,analysis","storytelling,entertainment,educational,analysis,promotional"
23031,"Apr 24, 2024, 2:05:44 PM PST",Comedy,"trending,entertaining,informative,viral,family_friendly,mature,controversial,educational","animated,professional","reaction,compilation,guide,commentary,showcase,highlights,tutorial,documentary,review,analysis","storytelling,entertainment,promotional,educational,analysis"
23032,"Apr 24, 2024, 1:48:07 PM PST",Entertainment,"entertaining,trending,viral,informative,controversial","animated,edited","compilation,reaction,highlights,showcase",entertainment
23033,"Apr 24, 2024, 1:45:00 PM PST",Comedy,"entertaining,trending,informative,viral,controversial,family_friendly,mature,educational",animated,"reaction,commentary,showcase,compilation,guide,highlights,analysis,review,documentary,tutorial","storytelling,entertainment,analysis,educational,promotional"
23034,"Apr 24, 2024, 1:37:20 PM PST",Entertainment,"trending,entertaining,viral,informative,family_friendly,controversial,educational,mature","edited,professional","guide,showcase,commentary,reaction,highlights,compilation","storytelling,entertainment,educational,promotional"
23035,"Apr 24, 2024, 1:34:17 PM PST",Music,"trending,entertaining,viral,informative,family_friendly,mature,educational,controversial","animated,professional,edited,high_production","reaction,showcase,highlights,compilation,guide,commentary,review","entertainment,storytelling,promotional,educational,skill_development"
23036,"Apr 24, 2024, 1:31:03 PM PST",Comedy,"entertaining,informative,trending,mature,educational,family_friendly,viral",,"compilation,showcase,reaction,guide,commentary,highlights,analysis","storytelling,entertainment,educational,analysis"
23037,"Apr 24, 2024, 1:28:42 PM PST",Music,"entertaining,viral,trending,informative,controversial,mature","high_production,professional","compilation,showcase,highlights,reaction,commentary,guide","entertainment,promotional,storytelling"
23038,"Apr 24, 2024, 1:27:32 PM PST",Comedy,"trending,entertaining,informative,viral,mature,family_friendly,controversial,educational","animated,edited","reaction,commentary,guide,compilation,highlights,showcase,analysis,documentary","storytelling,entertainment,educational,analysis,skill_development"
23039,"Apr 24, 2024, 1:24:25 PM PST",Comedy,"trending,entertaining,informative,viral,mature,family_friendly,educational,controversial","professional,animated","reaction,compilation,guide,showcase,commentary,highlights,documentary,analysis,tutorial,review","storytelling,entertainment,educational,analysis,promotional"
23040,"Apr 24, 2024, 1:20:45 PM PST",Entertainment,"trending,entertaining,informative,viral,family_friendly,mature","professional,animated,edited,high_production","showcase,highlights,reaction","promotional,entertainment"
23041,"Apr 24, 2024, 1:17:30 PM PST",Entertainment,"viral,trending,entertaining,informative,clickbait",animated,"reaction,review,commentary,showcase,podcast,guide","entertainment,storytelling"
23042,"Apr 24, 2024, 1:17:24 PM PST",Music,"entertaining,trending,viral,informative,controversial",edited,"compilation,reaction,showcase,commentary","entertainment,social_commentary"
23043,"Apr 24, 2024, 1:04:19 PM PST",Music,"entertaining,trending,viral,informative,controversial","professional,animated,high_production","reaction,showcase,highlights,guide","entertainment,promotional,news,storytelling,skill_development"
23044,"Apr 24, 2024, 1:02:54 PM PST",Entertainment,"entertaining,viral,trending,informative,clickbait,controversial","high_production,professional,animated,live_recording,edited","reaction,showcase,highlights,compilation,commentary,stream_highlights,guide","entertainment,promotional,storytelling,news"
23045,"Apr 24, 2024, 11:26:56 AM PST",Entertainment,"trending,informative,entertaining,viral,mature,controversial,educational","animated,professional,edited","reaction,showcase,guide,compilation,highlights,commentary,analysis","storytelling,entertainment,educational,analysis"
23046,"Apr 24, 2024, 11:23:12 AM PST",Entertainment,"trending,entertaining,viral,informative,controversial,mature,clickbait,educational,family_friendly","animated,professional,high_production,edited","reaction,highlights,guide,showcase,commentary,compilation,analysis,review","storytelling,entertainment,analysis,promotional,news,educational,skill_development"
23047,"Apr 24, 2024, 11:15:51 AM PST",Comedy,"trending,entertaining,viral,informative,family_friendly,mature,educational,controversial","animated,professional","reaction,showcase,highlights,compilation,commentary,guide,documentary,analysis","storytelling,entertainment,promotional,educational,analysis"
23048,"Apr 24, 2024, 11:11:51 AM PST",Comedy,"trending,viral,entertaining,informative,controversial,mature,family_friendly,educational","animated,edited","reaction,commentary,compilation,guide,highlights,showcase","entertainment,storytelling,educational"
23049,"Apr 24, 2024, 11:08:51 AM PST",Entertainment,"trending,viral,entertaining,informative",edited,"compilation,showcase,reaction,guide","storytelling,entertainment"
23050,"Apr 24, 2024, 4:50:41 AM PST",Entertainment,"trending,viral,entertaining,informative,mature,controversial,educational,family_friendly","high_production,animated,professional,edited","reaction,showcase,highlights,compilation,guide,commentary","storytelling,promotional,entertainment,educational"
23051,"Apr 24, 2024, 4:48:08 AM PST",Music,"trending,informative,mature,entertaining,viral,educational","professional,high_production","showcase,guide,highlights,review,analysis,reaction","educational,skill_development,analysis"
23052,"Apr 24, 2024, 4:47:56 AM PST",Entertainment,"trending,entertaining,informative,mature,viral,controversial,educational","animated,professional,high_production,edited","reaction,guide,showcase,commentary,compilation,highlights,analysis,review,documentary","storytelling,entertainment,analysis,promotional,educational"
23053,"Apr 24, 2024, 4:47:54 AM PST",Entertainment,"entertaining,trending,informative,viral,controversial,mature",animated,"showcase,reaction,commentary,highlights,compilation,guide","storytelling,entertainment"
23054,"Apr 24, 2024, 4:47:52 AM PST",Entertainment,"trending,informative,entertaining,viral,mature,controversial,educational,family_friendly","professional,edited,animated,high_production","showcase,reaction,guide,highlights,compilation,commentary,analysis,interview,review","storytelling,entertainment,educational,skill_development,analysis"
23055,"Apr 24, 2024, 4:47:51 AM PST",Music,"trending,entertaining,informative,viral,mature,family_friendly,educational,controversial","professional,animated,high_production","guide,showcase,reaction,commentary,highlights,compilation,analysis,review,tutorial","storytelling,analysis,educational,skill_development,entertainment,promotional"
23056,"Apr 24, 2024, 4:47:48 AM PST",Entertainment,"trending,informative,entertaining,mature,viral,educational,controversial,family_friendly","professional,animated","analysis,showcase,guide,reaction,highlights,commentary,compilation,review","entertainment,analysis,educational,storytelling"
23057,"Apr 24, 2024, 4:47:47 AM PST",Comedy,"trending,entertaining,informative,viral,educational,mature,controversial,family_friendly","professional,high_production,animated,edited","guide,showcase,reaction,compilation,highlights,commentary,analysis,review,tutorial","storytelling,educational,entertainment,analysis,skill_development,promotional"
23058,"Apr 24, 2024, 4:46:21 AM PST",Music,"trending,entertaining,viral,informative,mature,controversial,educational","professional,edited,animated","reaction,guide,showcase,review,highlights,commentary,compilation,analysis","storytelling,entertainment,educational,promotional,analysis,news"
23059,"Apr 24, 2024, 4:39:14 AM PST",Music,"informative,trending,mature,viral,educational,entertaining,family_friendly",,"showcase,highlights,guide",educational
23060,"Apr 24, 2024, 4:02:15 AM PST",Entertainment,"entertaining,trending,informative,viral,mature,controversial","high_production,professional","highlights,showcase,guide",entertainment
23061,"Apr 24, 2024, 3:58:51 AM PST",Music,"trending,viral,entertaining,controversial,informative","high_production,animated,edited","reaction,compilation,showcase,highlights,guide","entertainment,news,promotional"
23062,"Apr 24, 2024, 3:56:52 AM PST",Music,"trending,entertaining,viral,informative,mature,educational,controversial","animated,professional,studio_quality,high_production","showcase,documentary,reaction,highlights,guide,analysis,compilation,review,tutorial,commentary","entertainment,promotional,storytelling,analysis,skill_development,educational,news"
23063,"Apr 24, 2024, 3:54:18 AM PST",Comedy,"trending,viral,entertaining,informative,controversial","animated,professional,high_production,studio_quality","showcase,compilation,documentary,reaction,highlights,interview,commentary,analysis,guide,stream_highlights","promotional,entertainment,storytelling,analysis,news,skill_development"
23064,"Apr 24, 2024, 3:51:02 AM PST",Music,"trending,entertaining,viral,informative,controversial,mature,family_friendly","professional,animated,high_production","reaction,showcase,highlights,guide,compilation","entertainment,storytelling"
23065,"Apr 24, 2024, 3:48:04 AM PST",Entertainment,"entertaining,controversial,viral,trending,informative,educational","high_production,professional,edited,studio_quality","compilation,commentary,documentary,showcase,reaction","promotional,storytelling,entertainment,news,educational"
23066,"Apr 24, 2024, 3:44:30 AM PST",Music,"trending,entertaining,viral,informative,mature,family_friendly,educational,controversial","professional,high_production,edited,animated","showcase,highlights,reaction,guide,compilation","promotional,entertainment,storytelling,educational,news"
23067,"Apr 24, 2024, 3:40:56 AM PST",Reviews,"trending,informative,viral,entertaining,mature,educational",edited,"highlights,guide,showcase",educational
23068,"Apr 24, 2024, 3:38:09 AM PST",Music,"entertaining,trending,informative,viral,mature,family_friendly,controversial","high_production,professional,edited","highlights,showcase","entertainment,promotional"
23069,"Apr 24, 2024, 3:33:32 AM PST",Podcast,"entertaining,trending,informative,viral,mature,educational,controversial","professional,high_production,animated,studio_quality,edited","podcast,showcase,compilation,highlights,documentary,guide,commentary,reaction,review,stream_highlights,interview,analysis","storytelling,entertainment,analysis,promotional,educational,skill_development,social_commentary"
23070,"Apr 24, 2024, 3:29:27 AM PST",Music,"trending,entertaining,viral,informative,mature,educational,controversial","professional,animated,high_production,studio_quality","reaction,showcase,review,analysis,highlights,guide,compilation","entertainment,storytelling,educational,analysis,skill_development"
23071,"Apr 24, 2024, 3:25:02 AM PST",Music,"trending,entertaining,viral,informative,mature,controversial,educational","high_production,professional,animated,edited","showcase,compilation,reaction,highlights,guide,stream_highlights","entertainment,skill_development,storytelling,educational"
23072,"Apr 24, 2024, 3:21:58 AM PST",Music,"trending,entertaining,viral,informative,controversial",high_production,"reaction,showcase,highlights,commentary,guide,compilation","entertainment,promotional,news"
23073,"Apr 24, 2024, 3:18:31 AM PST",Music,"trending,entertaining,viral,informative,controversial,family_friendly","professional,high_production,animated","showcase,highlights,reaction,guide","entertainment,promotional"
23074,"Apr 24, 2024, 3:15:55 AM PST",Music,"entertaining,trending,informative,viral,mature,family_friendly,controversial,educational","high_production,professional,edited","highlights,showcase","entertainment,promotional,storytelling,educational"
23075,"Apr 24, 2024, 3:12:30 AM PST",Music,"trending,entertaining,viral,informative,mature,family_friendly,educational","professional,high_production,animated","showcase,highlights,reaction","promotional,entertainment,storytelling,educational"
23076,"Apr 24, 2024, 3:09:24 AM PST",Music,"trending,viral,entertaining,informative,mature,family_friendly,controversial","animated,high_production,professional,studio_quality","showcase,compilation,reaction,highlights,guide","entertainment,storytelling,promotional,news"
23077,"Apr 24, 2024, 3:05:23 AM PST",Music,"trending,entertaining,viral,informative,mature,educational,controversial","professional,animated,high_production,studio_quality","showcase,documentary,guide,highlights,reaction,interview,tutorial,analysis,commentary,compilation,review","promotional,entertainment,skill_development,educational,storytelling,analysis,news"
23078,"Apr 24, 2024, 3:02:45 AM PST",Comedy,"viral,entertaining,trending,informative,educational,controversial,mature,family_friendly","high_production,professional,animated,edited","showcase,compilation,documentary,highlights,reaction,guide,analysis,tutorial,stream_highlights,review","storytelling,entertainment,educational,promotional,skill_development,analysis"
23079,"Apr 24, 2024, 3:00:09 AM PST",Music,"trending,viral,entertaining,informative,mature,family_friendly","professional,high_production,studio_quality","showcase,highlights,reaction,guide,compilation","entertainment,storytelling,skill_development,promotional"
23080,"Apr 24, 2024, 2:56:58 AM PST",Music,"trending,entertaining,viral,informative,mature,controversial","professional,animated,high_production,studio_quality","showcase,highlights,reaction","entertainment,storytelling,promotional"
23081,"Apr 24, 2024, 2:51:34 AM PST",Music,"entertaining,trending,informative,viral,controversial","professional,high_production,edited","compilation,showcase,highlights,stream_highlights,podcast,guide,reaction","entertainment,promotional,storytelling,news"
23082,Porteon | Porter Robinson & Madeon Inspired Mix By C-Nam & Sierra Nova,Music,"entertaining,informative,trending,viral,controversial,educational","edited,professional,high_production","showcase,reaction,highlights,compilation,guide,review","entertainment,educational,skill_development"
23083,"Apr 24, 2024, 2:45:50 AM PST",Music,"entertaining,trending,informative,viral,mature","professional,animated,edited","compilation,showcase,podcast,highlights,guide","storytelling,entertainment"
23084,"Apr 24, 2024, 2:41:31 AM PST",Music,"trending,viral,informative,controversial,entertaining","animated,professional,studio_quality","showcase,reaction,compilation,highlights,guide,commentary","storytelling,promotional,entertainment"
23085,"Apr 24, 2024, 2:36:19 AM PST",Music,"entertaining,trending,informative,viral,educational,mature,family_friendly","professional,high_production","showcase,guide,highlights","storytelling,entertainment,promotional,educational"
23086,"Apr 24, 2024, 1:45:47 AM PST",Music,"entertaining,trending,viral,informative,mature,controversial","professional,animated,edited,high_production","documentary,showcase,podcast,highlights,compilation,guide,reaction,commentary","storytelling,entertainment"
23087,"Apr 24, 2024, 1:41:50 AM PST",Sports,"entertaining,trending,informative,viral,educational","professional,high_production,animated","showcase,compilation,highlights,guide","entertainment,educational,promotional,storytelling"
23088,"Apr 24, 2024, 1:36:44 AM PST",Music,"trending,viral,entertaining,controversial,informative,educational,mature","professional,high_production,animated,studio_quality","showcase,reaction,highlights,commentary,compilation,guide","entertainment,storytelling,news,educational,promotional"
23089,"Apr 24, 2024, 1:31:51 AM PST",Music,"entertaining,trending,informative,viral,family_friendly,mature,educational","professional,animated","showcase,guide,highlights,podcast","entertainment,storytelling,educational,promotional"
23090,"Apr 24, 2024, 1:27:50 AM PST",Music,"informative,educational,entertaining,trending,viral,controversial","edited,high_production,professional,studio_quality","guide,tutorial,compilation,showcase,analysis,reaction,highlights,commentary","educational,news,entertainment,analysis,storytelling,promotional,skill_development"
23091,"Apr 24, 2024, 1:22:25 AM PST",Music,"entertaining,trending,informative,viral,family_friendly,educational","animated,edited,high_production,professional,studio_quality","commentary,compilation,reaction,podcast,showcase,highlights,guide","storytelling,entertainment,educational,promotional"
23092,"Apr 24, 2024, 1:19:26 AM PST",Entertainment,"trending,entertaining,informative,viral,controversial,mature,educational,family_friendly","edited,studio_quality","compilation,showcase,guide,reaction,highlights,commentary,review","entertainment,educational,storytelling"
23093,"Apr 24, 2024, 1:15:34 AM PST",Music,"entertaining,trending,viral,informative,family_friendly","animated,high_production","showcase,compilation,highlights,guide,stream_highlights,review,reaction","entertainment,promotional"
23094,"Apr 24, 2024, 1:12:01 AM PST",Music,"trending,entertaining,viral,informative,mature,controversial","professional,high_production,studio_quality,edited,animated","showcase,reaction,highlights,guide,compilation","entertainment,skill_development,news"
23095,"Apr 24, 2024, 1:08:35 AM PST",Music,"trending,entertaining,viral,informative,mature,controversial,family_friendly,educational","professional,animated,high_production,studio_quality","showcase,reaction,highlights,review,compilation,analysis,documentary,guide,commentary","promotional,entertainment,storytelling,analysis,skill_development,educational,news"
23096,"Apr 24, 2024, 1:05:02 AM PST",Music,"trending,entertaining,viral,informative","professional,high_production,studio_quality,animated,edited","showcase,highlights,reaction","promotional,entertainment"
23097,Maroon 5 - Payphone ft. Wiz Khalifa (Explicit) (Official Music Video),Music,"trending,controversial,entertaining,viral,informative","high_production,professional","showcase,highlights,reaction,stream_highlights","entertainment,promotional,news"
23098,"Apr 24, 2024, 12:34:36 AM PST",Music,"trending,entertaining,viral,informative,mature,family_friendly","professional,high_production,animated,studio_quality","showcase,compilation,reaction,stream_highlights,highlights,guide,review","entertainment,storytelling,promotional,skill_development,news"
23099,Carly Rae Jepsen - Call Me Maybe (Lyrics),Music,"trending,entertaining,viral,informative,mature,family_friendly",high_production,"showcase,guide,stream_highlights,compilation,reaction,highlights",entertainment
23100,"Apr 24, 2024, 12:25:53 AM PST",Music,"entertaining,family_friendly,trending,viral,mature","high_production,studio_quality,professional","showcase,highlights,reaction,guide","entertainment,promotional,storytelling"
23101,"Apr 24, 2024, 12:22:07 AM PST",Music,"trending,informative,entertaining,viral,mature,controversial,educational,family_friendly","professional,high_production,edited","commentary,reaction,guide,highlights,compilation,review,showcase,analysis","storytelling,promotional,entertainment,social_commentary,educational,skill_development,news,analysis"
23102,"Zedd, Maren Morris, Grey - The Middle (Official Music Video)",Music,"trending,entertaining,viral,informative,mature,controversial","professional,edited","showcase,compilation,reaction,highlights,guide","entertainment,storytelling"
23103,"Apr 24, 2024, 12:15:23 AM PST",Music,"trending,entertaining,viral,informative,family_friendly,mature","high_production,edited,animated,raw_footage","showcase,reaction,compilation,review,guide,stream_highlights,highlights,commentary","entertainment,storytelling,promotional"
23104,"Apr 24, 2024, 12:11:15 AM PST",Music,"entertaining,trending,informative,viral,educational,family_friendly,mature","high_production,professional,edited","showcase,compilation,guide,highlights,reaction,commentary,analysis,review,tutorial,walkthrough,stream_highlights","news,educational,promotional,entertainment,storytelling,analysis,skill_development"
23105,Martin Garrix feat. Usher - 'Don't Look Down' (Towel Boy) [Official Music Video YTMAs],Music,"trending,viral,entertaining,informative,controversial","professional,high_production,animated,edited","showcase,highlights,guide,compilation,reaction,stream_highlights","entertainment,news,promotional,storytelling"
23106,"Apr 24, 2024, 12:03:36 AM PST",Music,"trending,entertaining,viral,informative,mature","professional,high_production,animated,edited,studio_quality","showcase,highlights,guide,compilation","promotional,entertainment,news,skill_development,storytelling"
23107,"Apr 24, 2024, 12:00:38 AM PST",Music,"trending,entertaining,viral,controversial,informative","animated,high_production","reaction,showcase,highlights,commentary,guide","entertainment,storytelling,promotional,news"
23108,"Apr 23, 2024, 11:57:32 PM PST",Reviews,"controversial,trending,viral,informative","edited,animated","reaction,commentary,compilation,podcast","storytelling,social_commentary,news"
23109,"Apr 23, 2024, 11:53:39 PM PST",Music,"entertaining,trending,viral,informative,family_friendly,educational","professional,animated,high_production,studio_quality","showcase,highlights,reaction,guide","entertainment,storytelling,promotional,educational"
23110,"Apr 23, 2024, 11:50:20 PM PST",Music,"entertaining,trending,viral,informative","animated,high_production,edited","compilation,showcase,highlights,guide,reaction,review,stream_highlights","entertainment,storytelling,promotional"
23111,"Apr 23, 2024, 11:46:54 PM PST",Technology,"trending,entertaining,informative,controversial,viral","high_production,edited,animated","reaction,showcase,highlights",news
23112,"Apr 23, 2024, 11:43:17 PM PST",Music,"entertaining,trending,informative,viral,educational",,"showcase,compilation,highlights,guide","entertainment,educational,storytelling,promotional,news"
23113,"Apr 23, 2024, 11:39:03 PM PST",Music,"trending,entertaining,viral,informative,mature,controversial","professional,high_production,studio_quality,edited","showcase,highlights,guide,reaction,stream_highlights","entertainment,news"
23114,"Apr 23, 2024, 11:34:26 PM PST",Music,"trending,entertaining,informative,viral,mature,family_friendly","professional,edited","showcase,compilation,guide,highlights,review,stream_highlights","entertainment,skill_development,storytelling,promotional"
23115,"Apr 23, 2024, 11:30:59 PM PST",Music,"entertaining,viral,trending,informative,mature,educational,family_friendly,controversial","animated,live_recording,high_production,professional,edited","showcase,compilation,reaction,documentary,highlights,guide","entertainment,storytelling,promotional,news,educational"
23116,"Apr 23, 2024, 11:26:49 PM PST",Music,"viral,entertaining,controversial,informative,trending,educational","animated,edited,amateur","podcast,reaction,showcase,interview,guide,review","entertainment,promotional,storytelling,educational"
23117,"Apr 23, 2024, 11:23:07 PM PST",Music,"trending,entertaining,informative,viral,controversial,mature","professional,edited","compilation,showcase,highlights,reaction,review,guide","entertainment,promotional"
23118,"Apr 23, 2024, 11:19:00 PM PST",Music,"trending,entertaining,viral,informative,controversial","animated,high_production,professional,edited","showcase,compilation,reaction,highlights,guide,stream_highlights","entertainment,promotional,news"
23119,"Apr 23, 2024, 11:15:04 PM PST",Music,"trending,entertaining,informative,viral,educational,mature,family_friendly,controversial","animated,high_production,professional","showcase,guide,tutorial,reaction,highlights,compilation,documentary","promotional,storytelling,entertainment,educational,skill_development"
23120,"Apr 23, 2024, 11:11:14 PM PST",Music,"entertaining,trending,viral,informative,mature,educational,family_friendly","professional,animated,high_production,studio_quality","showcase,documentary,reaction,highlights,guide,compilation,analysis,review,interview,commentary","entertainment,promotional,storytelling,skill_development,analysis,educational,news"
23121,"Apr 23, 2024, 11:02:46 PM PST",Music,"controversial,entertaining,trending,viral,informative,educational","animated,high_production","showcase,commentary,reaction,analysis,compilation,highlights,guide,documentary,review","entertainment,storytelling,promotional,analysis,educational,social_commentary"
23122,"Apr 23, 2024, 10:59:03 PM PST",Music,"trending,entertaining,viral,informative,family_friendly","high_production,professional,studio_quality,animated,edited","showcase,compilation,reaction,stream_highlights,highlights,guide,review","entertainment,storytelling,promotional"
23123,"Apr 23, 2024, 10:55:34 PM PST",Music,"entertaining,trending,viral,informative,family_friendly,mature","animated,high_production,professional,studio_quality,edited","compilation,showcase,highlights,reaction,guide,stream_highlights","entertainment,promotional,storytelling"
23124,"Apr 23, 2024, 10:53:17 PM PST",News,"trending,informative,entertaining,viral,mature","edited,high_production,studio_quality,animated","podcast,documentary,showcase,compilation,highlights,review,guide,reaction","news,storytelling"
23125,"Apr 23, 2024, 10:51:24 PM PST",Entertainment,"informative,entertaining,trending,controversial,viral,educational","animated,edited,professional,raw_footage","reaction,guide,commentary,showcase,stream_highlights,highlights,analysis","news,storytelling,educational,promotional,entertainment,social_commentary,analysis"
23126,"Apr 23, 2024, 10:45:28 PM PST",Entertainment,"entertaining,trending,informative,viral,mature,family_friendly","animated,professional,edited","showcase,reaction,highlights,compilation","entertainment,promotional"
23127,"Apr 23, 2024, 10:41:30 PM PST",Music,"entertaining,trending,viral,informative,mature,controversial,educational","professional,high_production,animated","showcase,compilation,highlights","entertainment,promotional,educational,storytelling"
23128,"Apr 23, 2024, 10:33:07 PM PST",Entertainment,"entertaining,trending,viral,informative,family_friendly","professional,high_production,animated,studio_quality","showcase,highlights,reaction","entertainment,promotional"
23129,"Apr 23, 2024, 10:29:55 PM PST",Music,"entertaining,trending,viral,informative,controversial,family_friendly","amateur,high_production","showcase,reaction,highlights,compilation,guide","entertainment,promotional"
23130,"Apr 23, 2024, 10:26:11 PM PST",Entertainment,"entertaining,trending,viral,informative,educational,controversial,mature","edited,high_production,animated,professional","showcase,compilation,guide,highlights","entertainment,educational"
23131,"Apr 23, 2024, 10:24:13 PM PST",Reviews,"trending,controversial,entertaining,informative,viral","edited,high_production,studio_quality,animated","commentary,compilation,reaction,highlights,showcase,guide,review,podcast,stream_highlights,analysis","social_commentary,product_review,news,analysis,entertainment,personal_vlog"
23132,"Apr 23, 2024, 10:22:33 PM PST",Comedy,"controversial,trending,entertaining,informative,viral,clickbait","edited,animated,amateur","reaction,commentary,showcase,compilation",entertainment
23133,"Apr 23, 2024, 10:19:28 PM PST",Music,"trending,viral,entertaining,informative,mature,controversial","professional,high_production,edited","showcase,highlights,compilation,reaction,guide","entertainment,news,storytelling,promotional"
23134,"Apr 23, 2024, 10:14:59 PM PST",Music,"entertaining,family_friendly,trending,viral,mature","high_production,studio_quality,professional","showcase,highlights,reaction,guide","entertainment,promotional,storytelling"
23135,"Apr 23, 2024, 10:11:06 PM PST",Music,"entertaining,trending,viral,informative,controversial,clickbait","edited,animated","reaction,compilation,showcase",entertainment
23136,"Apr 23, 2024, 10:04:35 PM PST",Music,"entertaining,informative,viral,trending,controversial,clickbait,educational",edited,"compilation,reaction,showcase,commentary,guide,highlights","entertainment,storytelling,promotional,social_commentary,educational"
23137,"Apr 23, 2024, 10:02:47 PM PST",Music,"entertaining,trending,viral,informative,controversial",,"compilation,reaction,showcase,commentary",entertainment
23138,"Apr 23, 2024, 10:00:09 PM PST",Entertainment,"trending,viral,entertaining,controversial,informative,clickbait,educational","animated,high_production,edited","reaction,compilation,showcase,podcast,highlights,guide,commentary,analysis","entertainment,storytelling,promotional,news,educational,analysis"
23139,"Apr 23, 2024, 9:55:58 PM PST",Music,"viral,entertaining,controversial,informative,trending,educational","animated,edited,amateur","podcast,reaction,showcase,interview,guide,review","entertainment,promotional,storytelling,educational"
23140,"Apr 23, 2024, 9:54:27 PM PST",Music,"entertaining,viral,trending,informative,controversial,mature","high_production,professional","compilation,showcase,highlights,reaction,commentary,guide","entertainment,promotional,storytelling"
23141,"Apr 23, 2024, 9:48:34 PM PST",Reviews,"trending,viral,informative,family_friendly,clickbait,entertaining,controversial","animated,edited","reaction,commentary,compilation,guide,showcase,analysis","social_commentary,analysis"
23142,"Apr 23, 2024, 9:45:40 PM PST",Music,"entertaining,trending,viral,informative,controversial",edited,"compilation,reaction,showcase,commentary","entertainment,social_commentary"
23143,"Apr 23, 2024, 7:58:08 PM PST",Music,"mature,entertaining,informative,trending,viral","professional,high_production,live_recording,edited,studio_quality","showcase,compilation,guide,highlights,stream_highlights","entertainment,skill_development"
23144,"Apr 23, 2024, 4:09:14 PM PST",Technology,"trending,entertaining,informative,viral,mature,educational,controversial","animated,professional,edited","showcase,documentary,podcast,highlights,compilation","storytelling,entertainment,educational"
23145,"Apr 23, 2024, 4:05:04 PM PST",Music,"entertaining,trending,informative,viral,educational",professional,"showcase,compilation,highlights,guide,stream_highlights","entertainment,skill_development,educational"
23146,"Apr 23, 2024, 4:05:03 PM PST",Music,"trending,entertaining,viral,informative,controversial,family_friendly,mature,educational","animated,professional","reaction,compilation,commentary,guide,showcase,highlights,podcast,review,tutorial,analysis","storytelling,entertainment,promotional,analysis,educational"
23147,"Apr 23, 2024, 4:05:01 PM PST",Entertainment,"entertaining,trending,viral,informative,controversial,family_friendly,educational","edited,animated,high_production","compilation,reaction,showcase,highlights","entertainment,promotional,educational"
23148,"Apr 23, 2024, 4:05:00 PM PST",Sports,"trending,viral,entertaining,informative,mature,educational,family_friendly,controversial","professional,animated,high_production,edited","showcase,guide,commentary,highlights,compilation,reaction,analysis,documentary","educational,storytelling,analysis,social_commentary,entertainment,promotional,skill_development"
23149,"Apr 23, 2024, 4:04:58 PM PST",Entertainment,"trending,informative,entertaining,mature,viral,family_friendly,controversial,educational","professional,animated,edited","guide,showcase,reaction,compilation,highlights,commentary","storytelling,educational,entertainment"
23150,"Apr 23, 2024, 4:04:57 PM PST",Music,"trending,controversial,viral",edited,"reaction,showcase,commentary,compilation",storytelling
23151,"Apr 23, 2024, 4:04:52 PM PST",Comedy,"entertaining,informative,trending,viral,educational,mature,family_friendly",,"compilation,reaction,guide,commentary,showcase,highlights","storytelling,entertainment,educational"
23152,"Apr 23, 2024, 4:04:50 PM PST",Music,"entertaining,informative,viral,trending,educational",animated,"showcase,reaction,compilation,highlights,guide,commentary","storytelling,entertainment,educational"
23153,"Apr 23, 2024, 4:03:02 PM PST",Music,"trending,entertaining,informative,mature,viral","edited,professional","highlights,showcase,guide,compilation",entertainment
23154,"Apr 23, 2024, 3:58:48 PM PST",Music,"trending,entertaining,informative,mature,viral,controversial,family_friendly,educational","animated,professional,high_production,edited","reaction,compilation,guide,showcase,highlights,commentary","entertainment,storytelling,promotional,educational"
23155,"Apr 23, 2024, 3:55:56 PM PST",Entertainment,"trending,entertaining,informative,viral,family_friendly,mature,educational,controversial","edited,professional,high_production,studio_quality,animated","podcast,compilation,reaction,commentary,interview,showcase,guide,highlights,documentary,analysis,review","storytelling,entertainment,personal_vlog,educational,social_commentary,analysis,skill_development,promotional"
23156,"Apr 23, 2024, 3:53:06 PM PST",Comedy,"trending,entertaining,informative,viral,mature,controversial,educational,family_friendly","professional,animated","compilation,reaction,showcase,guide,highlights,commentary,documentary,analysis","storytelling,entertainment,educational,promotional,analysis"
23157,"Apr 23, 2024, 3:53:05 PM PST",News,"trending,informative,entertaining,mature,viral,controversial,family_friendly,educational","edited,high_production,live_recording,studio_quality,professional,raw_footage,animated","reaction,compilation,highlights,guide,stream_highlights,showcase,review,commentary,podcast,analysis,interview,walkthrough","news,social_commentary,skill_development,product_review,entertainment,analysis,storytelling,educational,promotional,personal_vlog"
23158,"Apr 23, 2024, 3:53:04 PM PST",Comedy,"trending,viral,entertaining,mature,controversial,informative,family_friendly,educational","animated,edited,studio_quality,high_production,amateur,professional,raw_footage,live_recording","reaction,commentary,compilation,guide,highlights,showcase,podcast,stream_highlights,review,analysis,tutorial,documentary,walkthrough,interview","social_commentary,storytelling,skill_development,product_review,promotional,entertainment,personal_vlog,educational,news,analysis"
23159,"Apr 23, 2024, 3:53:03 PM PST",Comedy,"trending,entertaining,informative,viral,mature,family_friendly,controversial,educational",animated,"reaction,guide,compilation,commentary,highlights,showcase,documentary,analysis","storytelling,entertainment,educational,analysis,promotional"
23160,"Apr 23, 2024, 3:53:02 PM PST",Comedy,"trending,viral,entertaining,informative,mature,controversial,educational,family_friendly","high_production,professional,animated,edited","reaction,compilation,guide,commentary,showcase,highlights,analysis,tutorial,review,documentary","storytelling,promotional,entertainment,news,educational,skill_development,analysis,social_commentary"
23161,"Apr 23, 2024, 3:53:00 PM PST",Comedy,"trending,entertaining,informative,viral,educational,mature,controversial,family_friendly","animated,edited,professional","reaction,commentary,guide,compilation,highlights,interview,showcase,tutorial,review,analysis","storytelling,promotional,entertainment,educational,news,analysis,skill_development"
23162,"Apr 23, 2024, 3:52:58 PM PST",Comedy,"trending,entertaining,informative,mature,viral,controversial,educational,family_friendly","professional,animated,edited","guide,reaction,commentary,compilation,showcase,highlights,tutorial,analysis","storytelling,educational,promotional,entertainment,analysis"
23163,"Apr 23, 2024, 3:52:57 PM PST",Music,"entertaining,trending,viral,informative","professional,high_production,edited","showcase,highlights,guide,compilation,reaction","entertainment,storytelling,skill_development"
23164,"Apr 23, 2024, 3:52:56 PM PST",Music,"trending,entertaining,informative,viral,mature,educational,family_friendly,controversial","professional,animated","guide,showcase,reaction,commentary,highlights,documentary,podcast,analysis,compilation,review,tutorial","storytelling,entertainment,educational,skill_development,analysis,news,promotional"
23165,"Apr 23, 2024, 3:52:03 PM PST",Entertainment,"trending,viral,entertaining,informative,mature,controversial,educational","professional,edited,high_production,animated","reaction,highlights,guide,commentary,showcase,compilation,analysis,review","storytelling,news,skill_development,educational,entertainment,analysis"
23166,"Apr 23, 2024, 3:48:00 PM PST",Comedy,"trending,entertaining,informative,viral,mature,family_friendly,controversial,educational","animated,edited","reaction,guide,showcase,compilation,highlights,commentary","storytelling,educational,entertainment"
23167,"Apr 23, 2024, 3:44:26 PM PST",Reviews,"trending,informative,viral,entertaining,mature,educational",edited,"highlights,guide,showcase",educational
23168,"Apr 23, 2024, 3:23:21 PM PST",Podcast,"informative,trending,entertaining,viral,family_friendly",,"showcase,compilation,highlights,guide,stream_highlights",
23169,"Apr 23, 2024, 3:07:13 PM PST",Music,"entertaining,viral,trending,informative,family_friendly,controversial,educational","animated,high_production,professional","compilation,showcase,reaction,highlights,guide","entertainment,promotional,storytelling,news,educational"
23170,"Apr 23, 2024, 3:03:05 PM PST",Podcast,"trending,entertaining,controversial,viral,informative","high_production,animated,professional,raw_footage,edited","podcast,reaction,showcase,highlights,commentary,compilation,interview,guide,documentary,stream_highlights","entertainment,storytelling,news"
23171,"Apr 23, 2024, 2:58:55 PM PST",Music,"trending,viral,entertaining,family_friendly,informative,mature,controversial,educational","professional,high_production,studio_quality","documentary,showcase,reaction,highlights,commentary,interview,guide,stream_highlights,analysis,review,compilation","entertainment,promotional,storytelling,news,analysis,skill_development,educational"
23172,"Apr 23, 2024, 2:56:57 PM PST",Music,"entertaining,trending,informative,viral,family_friendly,controversial,educational","edited,animated,professional","compilation,showcase,reaction,highlights,guide,review,stream_highlights","entertainment,storytelling,promotional,skill_development,educational"
23173,"Apr 23, 2024, 2:54:39 PM PST",Music,"entertaining,trending,informative,family_friendly,viral","high_production,professional","compilation,showcase,highlights,guide","entertainment,promotional"
23174,"Apr 23, 2024, 2:53:21 PM PST",Music,"entertaining,trending,informative,viral,educational,family_friendly,controversial","professional,animated","compilation,reaction,showcase,highlights,guide","storytelling,entertainment,promotional,educational"
23175,"Apr 23, 2024, 2:44:54 PM PST",Music,"entertaining,trending,informative,viral,educational,controversial,mature","edited,animated,professional","podcast,compilation,documentary,commentary,reaction,showcase,guide,analysis,highlights,review","storytelling,entertainment,educational,skill_development,analysis"
23176,"Apr 23, 2024, 2:44:31 PM PST",Podcast,"entertaining,trending,informative,viral,educational,controversial,mature","edited,professional,animated","podcast,compilation,showcase,guide,highlights,commentary,documentary","storytelling,entertainment,educational,promotional"
23177,"Apr 23, 2024, 2:40:51 PM PST",Music,"trending,entertaining,viral,informative,mature,family_friendly,educational,controversial","professional,high_production,studio_quality","showcase,highlights,guide,compilation","promotional,entertainment,storytelling,educational"
23178,"Apr 23, 2024, 11:23:17 AM PST",Music,"entertaining,trending,viral,informative,mature,educational,family_friendly","professional,animated,high_production,studio_quality","showcase,documentary,reaction,highlights,guide,compilation,analysis,review,interview,commentary","entertainment,promotional,storytelling,skill_development,analysis,educational,news"
23179,"Apr 23, 2024, 11:22:47 AM PST",Music,"trending,entertaining,informative,viral,mature,educational,controversial,family_friendly","professional,edited,animated","reaction,showcase,compilation,guide,highlights,commentary,analysis","storytelling,entertainment,educational,analysis"
23180,"Apr 23, 2024, 11:20:37 AM PST",Music,"trending,viral,entertaining,informative,controversial,family_friendly","professional,high_production,animated","reaction,showcase,compilation,highlights,guide,commentary","storytelling,entertainment,news,promotional"
23181,"Apr 23, 2024, 11:12:07 AM PST",Music,"trending,viral,entertaining,controversial,informative,educational","animated,edited","reaction,commentary,guide,showcase,highlights,compilation,review","storytelling,entertainment,news,skill_development,educational"
23182,"Apr 23, 2024, 11:09:00 AM PST",Entertainment,"trending,entertaining,informative,viral,mature,educational,family_friendly,controversial","professional,animated,high_production","compilation,showcase,reaction,guide,highlights,commentary,analysis,review","storytelling,educational,entertainment,promotional,analysis"
23183,"Apr 23, 2024, 11:06:17 AM PST",Entertainment,"trending,viral,mature,entertaining,informative,controversial,educational,family_friendly","professional,edited,high_production,animated","reaction,guide,showcase,commentary,compilation,highlights,analysis,review","storytelling,entertainment,educational,analysis,social_commentary"
23184,"Apr 23, 2024, 11:00:20 AM PST",Entertainment,"trending,entertaining,viral,informative,mature,controversial,educational,family_friendly","professional,edited,animated,high_production","reaction,guide,highlights,showcase,commentary,compilation,analysis,interview","storytelling,educational,entertainment,promotional,analysis,skill_development"
23185,"Apr 23, 2024, 10:57:11 AM PST",Entertainment,"trending,entertaining,informative,mature,viral,controversial,educational","professional,animated,edited,high_production","reaction,guide,highlights,showcase,compilation,commentary,analysis","storytelling,entertainment,educational,analysis,skill_development"
23186,"Apr 23, 2024, 10:53:26 AM PST",Comedy,"trending,entertaining,viral,informative,mature,family_friendly,controversial,educational","professional,animated","reaction,showcase,guide,commentary,compilation,highlights,documentary,analysis","storytelling,entertainment,educational,promotional,analysis"
23187,"Apr 23, 2024, 10:50:08 AM PST",Music,"entertaining,informative,trending,viral",high_production,"compilation,showcase,highlights",entertainment
23188,"Apr 23, 2024, 10:46:33 AM PST",Entertainment,"trending,entertaining,informative,viral,mature,controversial,educational,family_friendly","professional,animated,edited,high_production","reaction,review,compilation,guide,showcase,highlights,commentary,analysis","storytelling,entertainment,promotional,educational,analysis"
23189,"Apr 23, 2024, 10:42:15 AM PST",Music,"entertaining,trending,informative,viral,mature,educational,family_friendly,controversial","animated,professional,edited","reaction,compilation,showcase,guide,commentary,highlights,documentary,analysis,podcast,tutorial,review","storytelling,entertainment,educational,promotional,analysis"
23190,"Apr 23, 2024, 10:38:55 AM PST",Comedy,"entertaining,trending,informative,viral,mature,family_friendly,educational,controversial","animated,professional,edited","compilation,reaction,commentary,showcase,guide,highlights,analysis,documentary,review,tutorial,podcast","storytelling,entertainment,educational,analysis,promotional"
23191,"Apr 23, 2024, 10:35:11 AM PST",Music,"family_friendly,trending,viral,mature,informative",edited,"compilation,podcast,guide",entertainment
23192,"Apr 23, 2024, 10:30:12 AM PST",Music,"entertaining,trending,informative,viral,family_friendly,mature",edited,"compilation,showcase,highlights,guide",entertainment
23193,"Apr 23, 2024, 10:25:32 AM PST",Music,"entertaining,trending,viral,informative,family_friendly,educational,mature","edited,professional","compilation,showcase,reaction,guide,highlights,podcast,commentary,analysis","storytelling,entertainment,educational,analysis,promotional"
23194,"Apr 23, 2024, 10:21:06 AM PST",Music,"trending,informative,entertaining,mature,viral,educational,controversial","edited,professional,high_production,animated","guide,reaction,showcase,highlights,compilation,commentary,review,analysis,interview","storytelling,educational,skill_development,entertainment,analysis"
23195,"Apr 23, 2024, 10:21:04 AM PST",Entertainment,"trending,informative,mature,entertaining,viral,controversial,educational",edited,"showcase,guide,compilation,reaction,highlights,commentary,analysis","storytelling,analysis,educational"
23196,"Apr 23, 2024, 10:21:02 AM PST",Entertainment,"trending,entertaining,informative,viral,educational,mature,family_friendly,controversial","edited,animated,high_production,professional","compilation,showcase,reaction,highlights,documentary","storytelling,entertainment,educational"
23197,"Apr 23, 2024, 10:21:00 AM PST",Comedy,"trending,entertaining,viral,informative,family_friendly,mature,controversial,educational",animated,"reaction,commentary,compilation,guide,showcase,highlights,tutorial,analysis,review","storytelling,entertainment,educational,social_commentary,analysis,promotional,skill_development"
23198,"Apr 23, 2024, 9:26:13 AM PST",Music,"trending,entertaining,informative,viral,controversial,mature","professional,edited","compilation,showcase,highlights,reaction,review,guide","entertainment,promotional"
23199,"Apr 23, 2024, 9:22:02 AM PST",Music,"entertaining,trending,viral,informative,mature,family_friendly,controversial","animated,edited,professional","compilation,showcase,highlights,podcast,reaction,guide,review","entertainment,storytelling,skill_development"
23200,"Apr 23, 2024, 8:03:16 AM PST",Comedy,"trending,viral,controversial,entertaining,informative,mature,family_friendly","edited,animated,professional","reaction,commentary,compilation,guide,showcase,highlights,analysis,review,interview","storytelling,social_commentary,promotional,news,skill_development,analysis,entertainment"
23201,"Apr 23, 2024, 8:03:15 AM PST",Comedy,"entertaining,informative,trending,viral,mature,educational,family_friendly,controversial",animated,"compilation,showcase,guide,reaction,commentary,highlights","storytelling,entertainment,educational"
23202,"Apr 23, 2024, 8:02:47 AM PST",Comedy,"trending,controversial,entertaining,informative,viral",animated,"commentary,compilation,reaction,showcase",storytelling
23203,"Apr 23, 2024, 7:58:22 AM PST",Entertainment,"entertaining,trending,informative,viral,controversial","edited,high_production","showcase,compilation,reaction,highlights","storytelling,entertainment"
23204,"Apr 23, 2024, 7:54:25 AM PST",Entertainment,"trending,entertaining,informative,viral,controversial","high_production,edited","documentary,showcase,reaction,highlights","storytelling,entertainment"
23205,"Apr 23, 2024, 7:50:47 AM PST",Entertainment,"controversial,entertaining,trending,viral","amateur,animated,edited","reaction,commentary,compilation,highlights,guide","entertainment,social_commentary"
23206,"Apr 23, 2024, 7:47:03 AM PST",Entertainment,"trending,entertaining,informative,viral,mature,controversial,family_friendly,educational","edited,professional,animated","reaction,showcase,highlights,guide,compilation,commentary","entertainment,educational,storytelling,promotional"
23207,"Apr 23, 2024, 7:42:28 AM PST",Entertainment,"trending,controversial,informative,family_friendly,entertaining,viral,educational","edited,animated,professional,studio_quality,raw_footage","guide,reaction,commentary,analysis,compilation,podcast,review,showcase,tutorial","social_commentary,storytelling,analysis,skill_development,personal_vlog,educational,entertainment"
23208,Janeya,Entertainment,"trending,viral,entertaining,informative,mature,controversial,educational,family_friendly","professional,edited,animated,high_production","reaction,commentary,highlights,guide,showcase,compilation,interview,review,analysis,tutorial","storytelling,skill_development,news,educational,entertainment,social_commentary,analysis"
23209,"Apr 23, 2024, 7:36:23 AM PST",Comedy,"trending,viral,entertaining,informative,mature,family_friendly,controversial,educational","professional,edited,animated","reaction,guide,highlights,showcase,commentary,compilation,tutorial,documentary","storytelling,entertainment,promotional,educational,news,social_commentary,skill_development"
23210,"Apr 23, 2024, 7:33:05 AM PST",Entertainment,"trending,entertaining,informative,mature,viral,controversial,family_friendly,educational","professional,edited,animated,high_production","reaction,guide,highlights,showcase,commentary,compilation,analysis","skill_development,storytelling,entertainment,educational,promotional,analysis,news"
23211,"Apr 23, 2024, 7:29:54 AM PST",Entertainment,"trending,entertaining,viral,informative,family_friendly,mature,educational,controversial","high_production,animated,edited","showcase,highlights,reaction,compilation,guide,commentary","promotional,entertainment,storytelling,educational"
23212,"Apr 23, 2024, 7:25:54 AM PST",Comedy,"trending,viral,entertaining,informative,controversial,mature,family_friendly,educational","animated,edited","reaction,commentary,compilation,guide,highlights,showcase","entertainment,storytelling,educational"
23213,"Apr 23, 2024, 4:38:06 AM PST",Music,"trending,informative,mature,entertaining,viral,educational,family_friendly,controversial","animated,professional","guide,reaction,commentary,showcase,compilation,highlights,analysis,review","storytelling,educational,promotional,analysis,entertainment,skill_development"
23214,"Apr 23, 2024, 4:38:05 AM PST",Music,"trending,entertaining,viral,informative,family_friendly,mature,controversial,educational","animated,professional,edited","reaction,compilation,guide,commentary,showcase,highlights,analysis,documentary,tutorial,review","storytelling,entertainment,educational,promotional,analysis,social_commentary,skill_development"
23215,"Apr 23, 2024, 4:38:04 AM PST",Entertainment,"trending,informative,entertaining,mature,viral,controversial,educational","animated,professional,edited","reaction,guide,commentary,highlights,showcase,compilation,analysis","storytelling,analysis,educational,entertainment"
23216,"Apr 23, 2024, 4:38:00 AM PST",Comedy,"entertaining,trending,informative,viral,mature,family_friendly,controversial,educational","animated,professional","reaction,guide,showcase,compilation,commentary,highlights,analysis,tutorial,review,documentary","storytelling,entertainment,promotional,analysis,educational"
23217,"Apr 23, 2024, 3:59:59 AM PST",Music,"entertaining,trending,informative,viral,mature,educational,family_friendly,controversial","professional,high_production","showcase,guide,highlights","storytelling,entertainment,educational"
23218,"Apr 23, 2024, 3:52:18 AM PST",Music,"informative,trending,mature,viral,educational,entertaining,family_friendly",,"showcase,highlights,guide",educational
23219,"Apr 23, 2024, 3:45:42 AM PST",Comedy,"controversial,family_friendly,mature,trending","amateur,edited,studio_quality,animated,raw_footage","reaction,commentary,compilation,podcast,stream_highlights,guide,review","social_commentary,storytelling,product_review,skill_development,personal_vlog"
23220,"Apr 23, 2024, 3:42:13 AM PST",Music,"trending,entertaining,viral,informative,educational,controversial","high_production,studio_quality,edited","compilation,showcase,highlights,stream_highlights,reaction,guide","entertainment,storytelling,promotional,educational,news"
23221,"Apr 23, 2024, 3:38:27 AM PST",Gaming,"informative,trending,entertaining,controversial,viral,mature","edited,animated,professional","compilation,reaction,guide,showcase,highlights,commentary,analysis",analysis
23222,"Apr 23, 2024, 3:28:00 AM PST",Podcast,"informative,trending,entertaining,viral,educational,mature,family_friendly","edited,studio_quality","showcase,stream_highlights,highlights,guide",educational
23223,"Apr 23, 2024, 12:13:49 AM PST",Tutorial,"informative,trending,controversial,entertaining,educational,viral,mature","professional,edited,high_production","tutorial,showcase,compilation,guide,highlights,analysis,review","news,educational,analysis,promotional"
23224,"Apr 23, 2024, 12:08:54 AM PST",Entertainment,"entertaining,informative,trending,educational,viral,mature",professional,"showcase,highlights,review,guide","educational,entertainment,news,product_review"
23225,"Apr 23, 2024, 12:07:38 AM PST",Reviews,"trending,entertaining,viral,family_friendly,informative","edited,animated","commentary,reaction,guide,showcase,compilation,review",social_commentary
23226,"Apr 22, 2024, 11:56:29 PM PST",Technology,"informative,entertaining,educational,trending,controversial,viral",,"analysis,review,guide,showcase","educational,analysis,news"
23227,"Apr 22, 2024, 11:52:05 PM PST",Technology,"informative,trending,entertaining,educational,viral,mature","professional,edited,high_production","analysis,review,showcase,guide,highlights,compilation,walkthrough,tutorial","analysis,educational,news"
23228,"Apr 22, 2024, 8:34:58 PM PST",Music,"entertaining,trending,informative,viral,educational,mature","animated,professional,edited","podcast,guide,compilation,showcase,highlights","entertainment,storytelling,educational"
23229,"Apr 22, 2024, 8:30:49 PM PST",Music,"viral,entertaining,controversial,informative,trending,educational","animated,edited,amateur","podcast,reaction,showcase,interview,guide,review","entertainment,promotional,storytelling,educational"
23230,"Apr 22, 2024, 8:28:09 PM PST",Music,"trending,viral,entertaining,informative,controversial,family_friendly","professional,high_production,animated","reaction,showcase,compilation,highlights,guide,commentary","storytelling,entertainment,news,promotional"
23231,"Apr 22, 2024, 8:23:00 PM PST",Entertainment,"entertaining,trending,viral,informative,family_friendly","professional,high_production,animated,studio_quality","showcase,highlights,reaction","entertainment,promotional"
23232,"Apr 22, 2024, 7:53:11 PM PST",Entertainment,"entertaining,trending,viral,family_friendly","animated,high_production,studio_quality","showcase,compilation,highlights",entertainment
23233,"Apr 22, 2024, 7:34:29 PM PST",Music,"entertaining,viral,trending,informative,controversial,mature","high_production,professional","compilation,showcase,highlights,reaction,commentary,guide","entertainment,promotional,storytelling"
23234,"Apr 22, 2024, 7:31:03 PM PST",Music,"trending,entertaining,controversial,viral,informative","edited,animated,high_production","review,compilation,showcase,highlights,commentary,guide,podcast,documentary","storytelling,entertainment,news"
23235,"Apr 22, 2024, 7:30:24 PM PST",Reviews,"informative,trending,entertaining,viral,educational",high_production,"showcase,guide,compilation","promotional,educational,product_review,news"
23236,"Apr 22, 2024, 7:19:38 PM PST",News,"controversial,trending,informative,viral,entertaining,educational","animated,edited","commentary,showcase,reaction,guide,compilation,highlights","news,storytelling,educational"
23237,"Apr 22, 2024, 6:46:50 PM PST",Podcast,"trending,controversial,viral","edited,animated","podcast,compilation,commentary,showcase,reaction","storytelling,social_commentary"
23238,"Apr 22, 2024, 6:36:06 PM PST",Music,"entertaining,trending,viral,informative,mature,controversial,educational","professional,high_production,animated","showcase,compilation,highlights","entertainment,promotional,educational,storytelling"
23239,"Apr 22, 2024, 6:01:39 PM PST",Podcast,"entertaining,trending,informative,educational,family_friendly,viral","amateur,animated,edited","podcast,showcase,documentary,commentary,guide,highlights,reaction,analysis,compilation","storytelling,entertainment,educational,promotional,analysis"
23240,"Apr 22, 2024, 6:01:36 PM PST",Music,"mature,informative,trending,entertaining","professional,high_production,studio_quality","compilation,showcase",
23241,"Apr 22, 2024, 6:01:10 PM PST",Comedy,"entertaining,controversial,trending,viral,informative,educational","studio_quality,raw_footage,edited,animated","reaction,analysis,commentary,guide,podcast,highlights,stream_highlights","social_commentary,analysis,entertainment,news,storytelling,skill_development,product_review,educational,personal_vlog"
23242,"Apr 22, 2024, 6:00:53 PM PST",Technology,"trending,viral,controversial,entertaining,clickbait",edited,"reaction,commentary,compilation,showcase","news,promotional,skill_development"
23243,"Apr 22, 2024, 6:00:41 PM PST",Music,"controversial,viral,trending,informative,entertaining","edited,high_production","reaction,commentary,stream_highlights,showcase,highlights,compilation,guide,analysis","social_commentary,analysis"
23244,"Apr 22, 2024, 6:00:25 PM PST",Comedy,"controversial,trending,entertaining,viral,informative,clickbait","animated,edited,raw_footage","reaction,commentary,compilation,guide,podcast,highlights,showcase,tutorial,analysis,review","entertainment,news,storytelling,skill_development,promotional,social_commentary,analysis"
23245,"Apr 22, 2024, 5:59:28 PM PST",Entertainment,"trending,entertaining,viral,informative,controversial","edited,animated,high_production","reaction,showcase,commentary,review,analysis,guide","entertainment,promotional,analysis"
23246,"Apr 22, 2024, 5:58:15 PM PST",Entertainment,"informative,trending,entertaining,viral,controversial,mature,educational","edited,animated","documentary,highlights,showcase,reaction,compilation","storytelling,entertainment,educational"
23247,"Apr 22, 2024, 5:58:01 PM PST",Music,"trending,viral,entertaining,controversial,informative","high_production,animated,edited","reaction,commentary,interview,compilation,highlights,guide,showcase","entertainment,news,storytelling"
23248,"Apr 22, 2024, 5:57:59 PM PST",Entertainment,"trending,entertaining,informative,viral,mature","edited,high_production,studio_quality","reaction,highlights,stream_highlights,commentary,showcase","news,skill_development,entertainment"
23249,"Apr 22, 2024, 5:57:53 PM PST",Entertainment,"trending,entertaining,viral,informative,family_friendly,controversial","animated,edited,high_production,raw_footage","reaction,highlights,compilation,showcase,guide,commentary","storytelling,entertainment"
23250,"Apr 22, 2024, 3:10:57 PM PST",Entertainment,"trending,informative,mature,entertaining,viral,controversial,family_friendly","edited,high_production,professional","reaction,showcase,guide,highlights,compilation,commentary",
23251,"Apr 22, 2024, 3:04:19 PM PST",Comedy,"entertaining,informative,trending,viral,family_friendly,educational,mature",animated,"reaction,compilation,guide,showcase,highlights,commentary","storytelling,entertainment,educational"
23252,"Apr 22, 2024, 3:00:05 PM PST",Entertainment,"entertaining,trending,informative,viral,family_friendly,controversial,educational",animated,"reaction,compilation,showcase,commentary,guide,highlights","storytelling,entertainment,educational"
23253,"Apr 22, 2024, 2:57:00 PM PST",Comedy,"entertaining,trending,informative,viral,mature,educational,family_friendly",,"reaction,guide,compilation,commentary,showcase,highlights","storytelling,educational,entertainment"
23254,"Apr 22, 2024, 2:50:41 PM PST",Music,"entertaining,informative,trending,viral,educational,mature",animated,"showcase,commentary,guide,compilation,reaction,highlights","storytelling,entertainment,educational"
23255,"Apr 22, 2024, 2:50:25 PM PST",Music,"trending,viral,entertaining,informative,mature,controversial,educational,family_friendly","animated,edited,professional","reaction,guide,compilation,commentary,showcase,highlights,analysis","storytelling,entertainment,educational,promotional,analysis"
23256,"Apr 22, 2024, 2:47:19 PM PST",Comedy,"trending,entertaining,informative,viral,mature,educational,controversial,family_friendly","professional,edited","showcase,guide,highlights,reaction,compilation,commentary,documentary,analysis,review","storytelling,educational,entertainment,analysis,skill_development"
23257,"Apr 22, 2024, 2:43:32 PM PST",Entertainment,"trending,entertaining,informative,mature,viral,controversial,family_friendly,educational","animated,edited,professional","reaction,guide,commentary,compilation,showcase,highlights,analysis","storytelling,entertainment,educational,promotional,analysis"
23258,"Apr 22, 2024, 8:06:02 AM PST",Comedy,"entertaining,trending,informative,viral,family_friendly,mature,educational,controversial","animated,professional","reaction,compilation,guide,commentary,showcase,highlights,documentary,review,analysis","storytelling,promotional,entertainment,educational,analysis"
23259,"Apr 22, 2024, 7:33:12 AM PST",Music,"entertaining,trending,viral,informative,educational","edited,animated","compilation,showcase,reaction,highlights,podcast,guide,commentary","entertainment,promotional,storytelling,educational"
23260,"Apr 22, 2024, 7:29:57 AM PST",Entertainment,"trending,entertaining,informative,viral,mature,controversial,educational,family_friendly","edited,professional,animated","reaction,guide,compilation,showcase,highlights,commentary,analysis","storytelling,entertainment,educational,analysis,promotional"
23261,"Apr 22, 2024, 7:27:15 AM PST",Entertainment,"trending,viral,family_friendly,entertaining,informative,mature","edited,studio_quality,high_production,animated","reaction,compilation,highlights,guide,showcase,stream_highlights,commentary,podcast","promotional,entertainment,personal_vlog,social_commentary,storytelling"
23262,"Apr 22, 2024, 7:23:48 AM PST",Entertainment,"trending,mature,entertaining,informative,viral,controversial,family_friendly,educational","professional,high_production,edited","guide,reaction,showcase,highlights,commentary,compilation,analysis","storytelling,entertainment,educational,analysis,promotional"
23263,"Janiye (from the Netflix Film ""Chor Nikal Ke Bhaga"")",Comedy,"trending,entertaining,viral,informative,family_friendly,controversial","high_production,edited","showcase,reaction,stream_highlights,documentary,compilation,highlights,guide,review,commentary","storytelling,entertainment"
23264,"Apr 22, 2024, 7:14:24 AM PST",Entertainment,"entertaining,trending,viral,informative,family_friendly","animated,edited,high_production","compilation,reaction,showcase,highlights","entertainment,storytelling"
23265,"Apr 22, 2024, 7:10:30 AM PST",Entertainment,"trending,viral,entertaining,informative,mature,controversial,family_friendly","animated,professional,edited,high_production","reaction,compilation,guide,showcase,highlights,commentary","storytelling,promotional,entertainment,skill_development"
23266,"Apr 22, 2024, 7:10:29 AM PST",Comedy,"trending,entertaining,informative,viral,mature,family_friendly,educational,controversial","animated,professional","compilation,reaction,guide,commentary,showcase,highlights,documentary,analysis,review,tutorial,podcast","storytelling,educational,entertainment,promotional,analysis,skill_development,social_commentary"
23267,"Apr 22, 2024, 7:06:39 AM PST",Entertainment,"trending,informative,entertaining,viral,mature,educational,family_friendly","animated,edited","guide,highlights,showcase,podcast,reaction,commentary","storytelling,educational,entertainment"
23268,"Apr 22, 2024, 7:00:49 AM PST",Music,"entertaining,informative,trending,viral,educational,family_friendly,mature",animated,"compilation,reaction,guide,commentary,showcase,highlights","storytelling,entertainment,educational"
23269,"Apr 22, 2024, 6:57:31 AM PST",Music,"trending,mature,entertaining,viral,informative,controversial,family_friendly,educational","professional,animated,edited,high_production,studio_quality","reaction,guide,highlights,compilation,showcase,commentary,review","storytelling,entertainment,skill_development,educational,news"
23270,"Apr 22, 2024, 6:53:08 AM PST",Comedy,"trending,entertaining,informative,mature,controversial,viral,family_friendly,educational","professional,edited,animated","reaction,commentary,compilation,guide,showcase,highlights,analysis,tutorial,review","storytelling,educational,promotional,analysis,entertainment,news,social_commentary,skill_development,personal_vlog"
23271,"Apr 22, 2024, 6:52:53 AM PST",Entertainment,"trending,viral,entertaining,informative,mature,controversial,family_friendly,educational","animated,edited,professional","reaction,commentary,guide,compilation,highlights,showcase,analysis,review,documentary","storytelling,entertainment,skill_development,analysis,educational,news,social_commentary"
23272,"Apr 22, 2024, 6:48:37 AM PST",Music,"trending,entertaining,viral,informative,mature,family_friendly,controversial,educational","animated,professional,edited,high_production","reaction,compilation,guide,commentary,highlights,showcase,tutorial,analysis,review","storytelling,promotional,entertainment,educational,skill_development,social_commentary,analysis"
23273,"Apr 22, 2024, 6:24:24 AM PST",Music,"trending,entertaining,informative,viral,mature,family_friendly,educational,controversial","animated,high_production,professional,edited","reaction,guide,commentary,showcase,highlights,compilation,tutorial,analysis,review","storytelling,entertainment,promotional,educational,skill_development,analysis"
23274,"Apr 22, 2024, 6:20:06 AM PST",Entertainment,"controversial,trending,family_friendly,viral,informative,entertaining,mature,educational","animated,professional,edited,high_production,studio_quality","reaction,guide,commentary,compilation,analysis,podcast,highlights,review,tutorial,showcase,walkthrough,interview,stream_highlights","storytelling,analysis,social_commentary,skill_development,promotional,entertainment,news,educational,personal_vlog"
23275,"Apr 22, 2024, 6:07:17 AM PST",Comedy,"trending,viral,entertaining,informative,controversial,mature,family_friendly,educational","animated,edited","reaction,commentary,compilation,guide,highlights,showcase","entertainment,storytelling,educational"
23276,"Apr 22, 2024, 6:07:09 AM PST",Entertainment,"trending,entertaining,viral,informative,mature,controversial,educational,family_friendly","professional,animated,edited,high_production","reaction,compilation,guide,highlights,commentary,showcase,analysis,tutorial","storytelling,promotional,entertainment,educational,analysis,skill_development,news"
23277,"Apr 22, 2024, 6:07:05 AM PST",Entertainment,"trending,viral,informative,entertaining,mature,controversial,family_friendly,educational","professional,edited,animated,high_production","reaction,highlights,guide,showcase,compilation,commentary,analysis,interview,review","educational,news,storytelling,skill_development,analysis,entertainment"
23278,"Apr 22, 2024, 6:05:04 AM PST",Entertainment,"trending,entertaining,viral,informative,controversial,family_friendly,mature","high_production,animated,professional,edited","documentary,showcase,highlights,reaction",entertainment
23279,"Apr 22, 2024, 6:01:56 AM PST",Comedy,"entertaining,informative,mature,trending,educational,family_friendly","professional,high_production","showcase,compilation,guide,highlights,commentary,reaction,documentary","storytelling,entertainment,social_commentary,educational"
23280,"Apr 22, 2024, 5:57:11 AM PST",Music,"trending,entertaining,viral,informative,family_friendly,mature,controversial,educational","amateur,high_production,professional,edited","reaction,showcase,highlights,guide,commentary,compilation,review,analysis","storytelling,entertainment,promotional,analysis,educational,news"
23281,"Apr 22, 2024, 5:47:15 AM PST",Music,"mature,trending,informative,entertaining,viral,controversial,educational","professional,edited,animated,high_production","reaction,analysis,guide,showcase,highlights,commentary,compilation,review","analysis,skill_development,educational,storytelling,entertainment"
23282,"Apr 22, 2024, 5:43:13 AM PST",Comedy,"trending,entertaining,mature,informative,viral,family_friendly,controversial,educational","professional,high_production,edited,animated","guide,showcase,commentary,compilation,reaction,highlights,analysis","storytelling,educational,entertainment,promotional,skill_development,analysis"
23283,"Apr 22, 2024, 5:39:01 AM PST",Comedy,"trending,entertaining,informative,viral,mature,controversial,family_friendly,educational","animated,professional","reaction,compilation,commentary,guide,showcase,highlights,analysis,documentary,review,tutorial","storytelling,entertainment,promotional,educational,analysis,skill_development"
23284,"Apr 22, 2024, 5:38:54 AM PST",Music,"trending,informative,entertaining,viral,educational,mature,controversial,family_friendly","professional,animated,edited,high_production","reaction,commentary,guide,compilation,showcase,analysis,highlights,tutorial,review","storytelling,analysis,entertainment,promotional,educational,skill_development"
23285,"Apr 22, 2024, 4:37:29 AM PST",Music,"entertaining,informative,trending,viral,mature,family_friendly","high_production,edited","showcase,compilation,guide,highlights,stream_highlights,reaction",entertainment
23286,"Apr 22, 2024, 4:34:54 AM PST",Music,"trending,informative,mature,entertaining,viral,educational","professional,high_production","showcase,guide,highlights,review,analysis,reaction","educational,skill_development,analysis"
23287,"Apr 22, 2024, 4:25:06 AM PST",Music,"trending,entertaining,informative,viral,mature,educational,family_friendly,controversial","professional,animated,high_production","showcase,guide,reaction,highlights,commentary,compilation,analysis","storytelling,educational,entertainment,promotional,skill_development,analysis"
23288,"Apr 22, 2024, 4:25:01 AM PST",Entertainment,"trending,entertaining,informative,viral,controversial,mature,educational","animated,edited","reaction,highlights,showcase,guide,commentary,compilation","storytelling,entertainment,educational"
23289,"Apr 22, 2024, 4:23:45 AM PST",Entertainment,"trending,informative,mature,entertaining,viral,controversial,educational,family_friendly","professional,animated,edited","reaction,guide,highlights,showcase,commentary,compilation,analysis,tutorial,review","storytelling,skill_development,educational,analysis,entertainment,news,promotional"
23290,"Apr 22, 2024, 4:16:50 AM PST",Music,"informative,trending,mature,viral,educational,entertaining,family_friendly",,"showcase,highlights,guide",educational
23291,"Apr 21, 2024, 9:22:53 PM PST",Entertainment,"entertaining,trending,viral,informative,educational,family_friendly","animated,high_production,edited","compilation,showcase,highlights,review,reaction","entertainment,storytelling,educational"
23292,"Apr 21, 2024, 9:19:40 PM PST",Music,"trending,entertaining,informative,viral,educational,mature,family_friendly,controversial","animated,high_production,professional","showcase,guide,tutorial,reaction,highlights,compilation,documentary","promotional,storytelling,entertainment,educational,skill_development"
23293,"Apr 21, 2024, 9:15:54 PM PST",Music,"trending,entertaining,informative,viral,controversial,mature","professional,edited","compilation,showcase,highlights,reaction,review,guide","entertainment,promotional"
23294,"Apr 21, 2024, 9:13:14 PM PST",Music,"trending,viral,entertaining,informative,controversial,family_friendly","professional,high_production,animated","reaction,showcase,compilation,highlights,guide,commentary","storytelling,entertainment,news,promotional"
23295,"Apr 21, 2024, 9:09:17 PM PST",Music,"entertaining,trending,viral,informative,mature,controversial,educational","professional,high_production,animated","showcase,compilation,highlights","entertainment,promotional,educational,storytelling"
23296,"Apr 21, 2024, 9:01:06 PM PST",Entertainment,"entertaining,trending,viral,informative,family_friendly","professional,high_production,animated,studio_quality","showcase,highlights,reaction","entertainment,promotional"
23297,Carly Rae Jepsen - Call Me Maybe,Music,"trending,entertaining,viral,informative,family_friendly,mature","high_production,edited,animated","showcase,reaction,compilation,guide,highlights,review,stream_highlights,commentary","entertainment,storytelling"
23298,"Apr 21, 2024, 8:13:08 PM PST",Music,"trending,entertaining,informative,viral,family_friendly",high_production,"compilation,showcase,stream_highlights,guide,highlights,reaction",entertainment
23299,"Apr 21, 2024, 8:09:57 PM PST",Music,"trending,entertaining,viral,informative,mature,controversial","professional,animated,high_production,studio_quality","showcase,highlights,reaction","entertainment,storytelling,promotional"
23300,"Apr 21, 2024, 8:04:33 PM PST",Music,"entertaining,trending,informative,viral,controversial","professional,high_production,edited","compilation,showcase,highlights,stream_highlights,podcast,guide,reaction","entertainment,promotional,storytelling,news"
23301,"Apr 21, 2024, 8:01:57 PM PST",Entertainment,"trending,informative,entertaining,viral,mature,family_friendly,educational","professional,studio_quality,high_production,edited,animated,live_recording","guide,reaction,showcase,podcast,compilation,commentary,stream_highlights,interview,highlights,review,walkthrough","social_commentary,personal_vlog,storytelling,skill_development,educational,promotional,entertainment,product_review,news"
